TicketID, Email, Subject, Tier, Body, BodyID
00001, testemail@gmail.com, Incoming tickets, We are testing to see if incoming tickets are working, 01
00002, voldmort@gmail.com, Incoming tickets, We are testing to see if incoming tickets are working, 01 
00003, hermione@gmail.com, Incoming tickets, We are testing to see if incoming tickets are working, 01
00004, ronald@gmail.com, Incoming tickets, We are testing to see if incoming tickets are working, 01
00005, harry@gmail.com, Incoming tickets, We are testing to see if incoming tickets are working, 01
00006, ginny@gmail.com, Incoming tickets, We are testing to see if incoming tickets are working, 01
00007, peanuts@gmail.com, Incoming tickets, We are testing to see if incoming tickets are working, 01
00008, garfield@gmail.com, Incoming tickets, We are testing to see if incoming tickets are working, 01
00009, marchmadness@gmail.com, Incoming tickets, We are testing to see if incoming tickets are working, 01
00010, coronavirus@gmail.com, Incoming tickets, We are testing to see if incoming tickets are working, 01
00011, voldmort@gmail.com, Incoming tickets, We are testing to see if incoming tickets are working, 01
00012, testemail@gmail.com, Incoming tickets, We are testing to see if incoming tickets are working, 01